full_text,user,location,date,tweet_id,number_rt,number_likes,id_key_word
" üì¢¬° @Hydrometra11 abre convocatoria para nuevos integrantes!. Este grupo busca investigar, formar y generar tecnolog√≠a mediante el desarrollo de medios de transporte de alta eficiencia energ√©tica, buscando potenciar la movilidad sostenible. üåéüõ•Ô∏è ‚ûïInfo:",fminas,Medell√≠n - Colombia,2022-05-21 18:30:00,1528080685457550000,1,1,1
" Faltan d√≠as para dar inicio a nuestras giras presenciales de movilidad sostenible y sostenibilidad 2022 üá®üá¥, de la mano de @LataMobility. Latam Mobility Colombia üéü: Net Zero Leadership Forum | Registro sin costo:",LatamGreen,Panama,2022-05-21 01:29:49,1527823948217470000,0,5,1
 Reino Unido apoyar√° al Valle de Aburr√° en proyectos de movilidad sostenible y mitigaci√≥n del cambio clim√°tico #medellin #comunas #rural #corregimientos #webstories @Areametropol,ComunasMed,Medellin,2022-05-21 00:03:49,1527802306116340000,4,2,1
 Reino Unido apoyar√° al Valle de Aburr√° en proyectos de movilidad sostenible y mitigaci√≥n del cambio clim√°tico #medellin #comunas #rural #corregimientos #webstories @Areametropol,ComunasMed,Medellin,2022-05-21 00:03:44,1527802284096340000,4,1,1
 Reino Unido apoyar√° al Valle de Aburr√° en proyectos de movilidad sostenible y mitigaci√≥n del cambio clim√°tico #medellin #comunas #rural #corregimientos #webstories @Areametropol,ComunasMed,Medellin,2022-05-21 00:03:38,1527802261438600000,4,1,1
" Te invitamos al inicio de nuestra giras presenciales de movilidad sostenible y sostenibilidad 2022 üá®üá¥, de la mano de @latamobility y @latamgreen Latam Mobility Colombia | Boletos üéü: Net Zero Leadership Forum | Registro sin costo:",IILatam,Panam√°,2022-05-20 00:14:12,1527442529674740000,1,3,1
 Como con el Inder Medell√≠n cuando fuiste alcalde y le bajaste significativamente el presupuesto? PERO te gastaste m√°s de 130 mil millones en tu imagen a costa de la movilidad sostenible y otros programas sociales... Sos un falso y una fachada de lo cochino de este pais,PsicoRide,MDE - COL,2022-05-18 17:21:09,1526976195396520000,0,2,1
" Te invitamos al inicio de nuestra giras presenciales de movilidad sostenible y sostenibilidad 2022, de la mano de @latamobility y @latamgreen Latam Mobility Colombia | Boletos üéü: Net Zero Leadership Forum | Registro sin costo:",IILatam,Panam√°,2022-05-18 11:38:11,1526889883788360000,1,4,1
" @QuinteroCalle Desde su llegada claro que s√≠, m√°s inseguridad, m√°s pirater√≠a de servicios p√∫blicos. M√°s basuras por todo lado, pavimentos destruidos. Y ahora suspendido Medell√≠n trata de enmendar ese da√±o.",CegamaL7,"Medell√≠n, Antioquia",2022-05-21 12:31:25,1527990445904740000,0,2,3
" @SantiagoSernaOs @petrogustavo Le est√°n pidiendo el certificado de votaci√≥n y la fotocopia de los servicios p√∫blicos, la cual tiene su direcci√≥n y datos personales, aqu√≠ en medellin tambi√©n los del pacto hist√≥rico est√°n dando esos bonos.",SORAGAME13,,2022-05-21 01:24:14,1527822542597240000,0,0,3
" @EPMestamosahi @SinproColombia ¬øA Ustedes tambi√©n les ha venido aumentando la factura de servicios p√∫blicos en sus casas, o es s√≥lo percepci√≥n m√≠a? ¬°Y eso que somos la misma Familia hace m√°s de 1 a√±o! La @comisioncreg @Superservicios podr√≠a revisar que pasa con epm en Medell√≠n?.",ibarrapig_28,,2022-05-19 19:06:08,1527365004332500000,1,0,3
 @Elegidos18Carlo @QuinteroCalle Medell√≠n si lo quiere amigo tristemente el pueblo est√° trabajando porq este gobierno nacional nos tiene tan mal que si no se trabaja se muere de hambre. Un kilo de carne por los cielos y los servicios p√∫blicos ni se diga,lunaacaminantee,,2022-05-19 17:52:34,1527346488946280000,0,1,3
" @EPMestamosahi tengo una pregunta, si cada colombiano tiene derecho a un m√≠nimo vital de agua... ¬øPor qu√© si un persona se atrasa en su pago de servicios p√∫blicos (de ustedes qu√© son una empresa del estado) cortan los servicios incluido el agua? @AlcaldiadeMed #Medell√≠n",Andresclaros_,"Medell√≠n, Colombia",2022-05-19 16:09:30,1527320552712510000,0,0,3
" @Eganbernal Depende, todo tiene que ser equitativo, no puedes primar lo privado y desechar lo p√∫blico, ambos son importantes, ejemplo en Barranquilla los servicios ""p√∫blicos"" no lo son, los manejan empresas privadas y es de lo peor, en Medellin EPM es p√∫blico y el mejor del pa√≠s.",elgaatales,,2022-05-19 14:31:19,1527295845107840000,0,0,3
" @marianagoyenec2 @Eganbernal Depende, todo tiene que ser equitativo, no puedes primar lo privado y desechar lo p√∫blico, ambos son importantes, ejemplo en Barranquilla los servicios ""p√∫blicos"" no lo son, los manejan empresas privadas y es de lo peor, en Medellin EPM es p√∫blico y el mejor del pa√≠s.",elgaatales,,2022-05-19 14:31:06,1527295789956940000,0,0,3
" @elcolombiano Y mientras tanto, los que vivimos en Medell√≠n en medio de inundaciones, trancones, servicios p√∫blicos caros, inseguridad, etc. En fin, imagino que no son problemas de ellos, sino de nosotros",c41645783,,2022-05-19 02:45:05,1527118114764230000,0,0,3
" @VaneGonzalezMon @QuinteroCalle @juanduquega @camivillamizar @AlcaldiadeMed @AndreeUribeM @Karen_delgadom Que chevere para la Dama. De verdad Medell√≠n con tantas necesidades de gesti√≥n por las calles con indigentes o vias , etc. y usted se paga un curso de ingl√©s? No sabia que ya en Medell√≠n se dejo el espa√±ol. Se hubiera hecho un curso mejor de servicios p√∫blicos y hubiera ayudado +",betitoarias26,,2022-05-18 03:05:18,1526760815486960000,0,1,3
" @estebanrestre @QuinteroCalle Jajajajaja y en que Medell√≠n vive usted? Pudri√©ndonos con las basuras, jardines vueltos matorrales, el mismo metro de siempre colapsado‚Ä¶. Y Epm fue algo de Duque. Por cierto qu√© pas√≥ con el congelamiento de las tarifas de los servicios p√∫blicos?",DianaVanegasJ,Medellin,2022-05-18 01:45:46,1526740798506660000,0,0,3
 üî¥#Se√±alDeLaMa√±ana | La Alcald√≠a de Medell√≠n indic√≥ que all√≠ cerca de 4.300 personas dependen econ√≥micamente del reciclaje. Escucha las noticias aqu√≠üìª‚û°,RadNalCo,"Bogot√°, Colombia",2022-05-18 13:52:05,1526923582420440000,0,1,5
" El caso de Medell√≠n es un caso de Urbanismo SUPER interesante. Y encima ya tuve el placer de escuchar sobre ese caso directamente de alguien involucrado en ese proyecto urbanistico: el Arq. Jorge P√©rez Jaramillo. Recomiendo 100000% este conversatorio, el ponente es ESPECTACULAR",FerchoMaidana,Paraguay,2022-05-20 20:36:19,1527750084682830000,2,7,8
" @EnriquePenalosa Con Federico le toca imaginar, con #FajardoPresidente hablan de la REALIDAD. El Cambio con urbanismo y productividad ya lo tuvo Medell√≠n, es turno de Colombia. #FajardoMurilloPresidente #FirmesConFajardo #ConfioEnFajardo",jufito35,,2022-05-18 20:13:38,1527019600961050000,8,21,8
" @flaorrego @arqfada @cynthiayanesc ‚ÄúMerec√≠amos embriagarnos de progreso, ahora necesitamos revisarnos‚Äù Medell√≠n, urbanismo y sociedad. Ojal√° no haga falta una etapa de crisis extrema para que retomemos el camino del di√°logo social amplio y serio sobre nuestros retos. @lab_mde",PerezJaramilloA,Colombia,2022-05-18 02:21:45,1526749853526760000,3,6,8
" @FicoGutierrez La gente habla por hablar, mostrando su total desconocimiento en materia de bienestar animal y todo lo que hizo Fico por ellos cuando fue alcalde de Medell√≠n. Si hay algo seguro, es del compromiso que este tiene con los animales.",LoMejorDeLos80s,,2022-05-18 00:01:08,1526714467261860000,0,0,10
" #AEstaHora A trav√©s del Centro de Pensamiento y Gobierno Escolar de la Personer√≠a de Medell√≠n, el Personero @WilliamYeffer participa en el Segundo Seminario de Biodiversidad en la Educaci√≥n el cual se realiza en la @Uni_Remington",personeriamed,"Medell√≠n, Antioquia, Cologmbia",2022-05-19 15:04:58,1527304310027080000,2,6,11
" Cierre del Lab1 #Maestr√≠aurbam en Bello Oriente, zona Nororiental de Medell√≠n. Espacio para intercambiar aprendizajes y reimaginar el barrio. Retos como la gesti√≥n del agua, la movilidad de los adultos mayores en la ladera, el h√°bitat y la autoconstrucci√≥n. @urbam_EAFIT @EAFIT",talacastano,,2022-05-21 18:44:09,1528084248120410000,1,4,13
" üì¢¬° @Hydrometra11 abre convocatoria para nuevos integrantes!. Este grupo busca investigar, formar y generar tecnolog√≠a mediante el desarrollo de medios de transporte de alta eficiencia energ√©tica, buscando potenciar la movilidad sostenible. üåéüõ•Ô∏è ‚ûïInfo:",fminas,Medell√≠n - Colombia,2022-05-21 18:30:00,1528080685457550000,1,1,13
" La Secretar√≠a de Movilidad de Medell√≠n estar√≠a vendiendo m√°s barata la chatarra de 50.000 carros y motos, ¬øqu√© est√° pasando? ‚¨á",elcolombiano,Medell√≠n,2022-05-21 18:15:01,1528076915214630000,14,9,13
" Ojo que desde el lunes nos van a multar si vamos a m√°s de 50 km/hora por la Av 80, la cual deber√≠a llamarse a partir del lunes Av 50.",paisacontento,,2022-05-21 17:43:19,1528068938638280000,0,0,13
" Puedes solicitar tu audiencia virtual en #MovilidadenL√≠nea. Ten en cuenta: ‚úÖIngresar aüëâhttps://t.co/ni47AgbKIo üñ±Ô∏èEn la secci√≥n ""Mis Multas"", haz clic en ""Solicitar Audiencia"" üìéüìÑAdjunta los documentos requeridos y separa la fecha de la audiencia. #Mu√©veteEnL√≠nea",sttmed,"Medell√≠n, Colombia",2022-05-21 17:30:39,1528065748240840000,0,1,13
 Trabajo h√≠brido: soluci√≥n a movilidad en Bogot√° y Medell√≠n,akaroleal,"Bogot√°, D.C., Colombia",2022-05-21 17:23:33,1528063963069660000,0,0,13
 Ahora es m√°s f√°cil ponerte al d√≠a con tus multas de tr√°nsito: 1Ô∏è‚É£ Ingresa a üëâ 2Ô∏è‚É£ Selecciona los comparendos que deseas pagar. 3Ô∏è‚É£Imprime tu liquidaci√≥n. 4Ô∏è‚É£Dir√≠gete a la sucursal Cotrafa m√°s cercana con el c√≥digo de barras.,sttmed,"Medell√≠n, Colombia",2022-05-21 16:00:00,1528042936448920000,0,3,13
" @lumalo El desorden en todo lo relacionado a movilidad, tr√°nsito, etc es absurdo en Medell√≠n",Sriveral,"Medellin, colombia",2022-05-21 15:39:13,1528037708005770000,0,0,13
 #Movilidad ¬°Taxista! As√≠ rotar√° el pico y placa en Medell√≠n para la semana del 23 al 27 de mayo @taxsupermed @TaxCoopebombas @TaxisLibresCol,elmetroenlared,Medell√≠n - Colombia,2022-05-21 15:13:26,1528031218633160000,0,0,13
" Con seis cambios viales, se mejorar√° la movilidad en el sector de San Diego, en Medell√≠n. La se√±alizaci√≥n de 38 pasos peatonales y una nueva intersecci√≥n semaf√≥rica hacen parte de esta intervenci√≥n de movilidad.",vivirpoblado,Medell√≠n - Colombia,2022-05-21 13:01:16,1527997957555070000,0,1,13
" Faltan d√≠as para dar inicio a nuestras giras presenciales de movilidad sostenible y sostenibilidad 2022 üá®üá¥, de la mano de @LataMobility. Latam Mobility Colombia üéü: Net Zero Leadership Forum | Registro sin costo:",LatamGreen,Panama,2022-05-21 01:29:49,1527823948217470000,0,5,13
 @sttmed se√±ores secretaria de la movilidad de la ciudad de Medell√≠n les pregunto es que la calle de la paz entre la minorista y Bol√≠var no les pertenece que ya no huy por donde caminar ni por los andenes ni por la v√≠a por los los carros son en v√≠a,orrego19671,"Medell√≠n, Colombia",2022-05-21 00:25:54,1527807864043080000,0,0,13
" @sttmed Se nota la inoperancia de la secretaria, sector occidente en caos total y no se ve ning√∫n agente de tr√°nsito colaborando con la movilidad. Da tristeza en lo que se ha convertido la movilidad en medellin",hugohgarzono,colombia,2022-05-21 00:19:48,1527806326402910000,0,0,13
 Reino Unido apoyar√° al Valle de Aburr√° en proyectos de movilidad sostenible y mitigaci√≥n del cambio clim√°tico #medellin #comunas #rural #corregimientos #webstories @Areametropol,ComunasMed,Medellin,2022-05-21 00:03:49,1527802306116340000,4,2,13
 Reino Unido apoyar√° al Valle de Aburr√° en proyectos de movilidad sostenible y mitigaci√≥n del cambio clim√°tico #medellin #comunas #rural #corregimientos #webstories @Areametropol,ComunasMed,Medellin,2022-05-21 00:03:44,1527802284096340000,4,1,13
 Reino Unido apoyar√° al Valle de Aburr√° en proyectos de movilidad sostenible y mitigaci√≥n del cambio clim√°tico #medellin #comunas #rural #corregimientos #webstories @Areametropol,ComunasMed,Medellin,2022-05-21 00:03:38,1527802261438600000,4,1,13
" Via CALZADA BOGOT√Å-MEDELL√çN municipio de Bello a la altura de B√°scula , presenta movilidad reducida por alto flujo vehicular. km 2+200 (18:43)",Devimed,"Antioquia, Colombia",2022-05-20 23:43:55,1527797299052750000,0,0,13
 La Guerra del centavo de los buses de Robledo quienes no respetan las se√±ales de tr√°nsito y los sem√°foros. @sttmed #movilidad #medellin #DenunciasAntioquia #SomosDenunciasAntioquia,DenunciasAntio2,"Medell√≠n, Colombia",2022-05-20 22:22:44,1527776865477350000,3,8,13
 #FinanzasPersonales | Trabajo h√≠brido surge como soluci√≥n a trancones en #Bogot√° y #Medell√≠n,ValoraAnalitik,Colombia,2022-05-20 21:11:51,1527759030466270000,7,12,13
" üôã‚Äç‚ôÇÔ∏èüôãPrograma tu cita con tiempo para tr√°mites presenciales a trav√©s de #MovilidadEnL√≠nea. Recuerda: los mi√©rcoles habilitamos la agenda para los d√≠as jueves, viernes y s√°bado. Y los s√°bados para los d√≠as lunes, martes y mi√©rcoles. Ag√©ndala aqu√≠ üëâ",sttmed,"Medell√≠n, Colombia",2022-05-20 21:00:00,1527756046827070000,0,2,13
 Obten el 20% de descuento sobre tus multas y el 100% de descuento sobre los intereses. Solo aplica para las infracciones con resoluci√≥n sancionada y firmada antes del 30 de junio de 2021. Ingresa a #MovilidadEnL√≠neaüëâ #Al100xBelen #Comuna16 #Medell√≠n,comunicandobel,"Medell√≠n, Colombia",2022-05-20 19:27:10,1527732685183110000,0,0,13
 Recuerda que puedes obtener el 20% de descuento sobre tus multas y el 100% de descuento sobre los intereses. Solo aplica para las infracciones con resoluci√≥n sancionada y firmada antes del 30 de junio de 2021. Ingresa a #MovilidadEnL√≠neaüëâ,sttmed,"Medell√≠n, Colombia",2022-05-20 19:00:01,1527725850270940000,0,4,13
" Tienen que ser muy brutos, masoquistas o c√≥mplices en Medell√≠n si votan por @petrogustavo, patr√≥n de @quinterocalle: Es a su campa√±a donde han ido a parar los recursos de Salud, 1a. Infancia, 3a. Edad, Educaci√≥n, Infraestructura, Seguridad, Movilidad, Cultura, Deporte. Denunciado",CESARAMEJIA,"La Ceja, Antioquia, Colombia",2022-05-20 17:26:07,1527702222435500000,18,26,13
" Los operativos e intervenci√≥n deben ser constantes con la finalidad que el grupo de motociclistas desistan de visitar el puente de La Asomadera. Agradecimientos: Ciudadan√≠a, Secretar√≠a de Movilidad de Medell√≠n.",Denunciascm,"Medell√≠n, Antioquia, Colombia",2022-05-20 16:52:08,1527693669041680000,1,1,13
 POCO INTER√âS HAY EN SOLUCIONAR ESTA SITUACI√ìN QUE AFECTA A LOS VECINOS DEL PUENTE LA ASOMADERA MEDELL√çN / MOVILIDAD Indignaci√≥n total de parte de varios vecinos de la comuna 14 El Poblado con la Secretar√≠a de Movilidad de Medell√≠n que en la actualidad est√° dirigida por ‚¨áÔ∏è,Denunciascm,"Medell√≠n, Antioquia, Colombia",2022-05-20 16:51:41,1527693557447940000,0,0,13
" Estamos en el Showroom Piloto de movilidad, un espacio donde estamos conociendo los 5 emprendedores de Medell√≠n que est√°n trabajando por resolver problem√°ticas en temas de movilidad. üí°ü¶ºü¶ΩüëèüèΩ ¬°Esta es una alianza con el @Areametropol que busca transformar la ciudad!",Ruta_N,Medell√≠n - Colombia,2022-05-20 16:51:40,1527693551248760000,3,9,13
" Querido se√±or don alcalde @Juancamilorpog por favor evaluar dentro de sus prioridades la movilidad de Medell√≠n, el actual PyP no funciona y se ide√≥ a ra√≠z de las restricciones postcovid por lo cual, si ya se levantaron todas las dem√°s medidas, el PyP deber√≠a regresar al original.",JPuentesJ,,2022-05-20 16:33:47,1527689050177650000,0,0,13
" Ponte al d√≠a en tus obligaciones de movilidad en la sede preferida de tu banco Davivienda. üìçDir√≠gete a la sede m√°s cercanaüëâ Descarga la liquidaci√≥n en #MovilidadEnL√≠nea, ingresando a üëâhttps://t.co/ni47AgbKIo",sttmed,"Medell√≠n, Colombia",2022-05-20 15:30:00,1527673000111350000,0,5,13
" Se√±ores Metro de Medell√≠n exigimos un trato mas digno, por que no es un favor es un derecho y como cualquier usuario tenemos derecho a la movilidad.",Davisnanis,MEDELLIN- ANTIOQUIA,2022-05-20 14:55:22,1527664284263760000,0,0,13
" Cinco emprendimientos de Medell√≠n trabajan por resolver problem√°ticas en temas de movilidad, a trav√©s del piloto de soluciones innovadoras para una movilidad m√°s incluyente. Una apuesta entre @Ruta_N y @Areametropol que busca el bienestar de la ciudad y la transformaci√≥n social.",ivancastanop,Colombia,2022-05-20 14:08:59,1527652608902630000,3,12,13
 Informaci√≥n importante para los conductores que se movilizan por la 80..tener en cuenta @sttmed @AlcaldiadeMed @Midefensabogado #movilidad #DenunciasAntioquia #medellin #noticias #SomosDenunciasAntioquia,DenunciasAntio2,"Medell√≠n, Colombia",2022-05-20 14:00:06,1527650373976180000,1,4,13
" Con seis cambios viales, se mejorar√° la movilidad en el sector de San Diego, en Medell√≠n. La se√±alizaci√≥n de 38 pasos peatonales y una nueva intersecci√≥n semaf√≥rica hacen parte de esta intervenci√≥n de movilidad.",vivirpoblado,Medell√≠n - Colombia,2022-05-20 11:01:32,1527605438023460000,0,0,13
 #estamal los contratos ama√±√°ndos movilidad Medell√≠n se pierden 25 mil millones,luchononroy67,,2022-05-20 10:40:35,1527600163497330000,0,0,13
 Se presenta incidente de tr√°nsito a la altura del retorno espumas Medell√≠n. Movilidad reducida. #movilidad #DenunciasAntioquia #SomosDenunciasAntioquia,DenunciasAntio2,"Medell√≠n, Colombia",2022-05-20 00:55:43,1527452977979610000,0,5,13
" Te invitamos al inicio de nuestra giras presenciales de movilidad sostenible y sostenibilidad 2022 üá®üá¥, de la mano de @latamobility y @latamgreen Latam Mobility Colombia | Boletos üéü: Net Zero Leadership Forum | Registro sin costo:",IILatam,Panam√°,2022-05-20 00:14:12,1527442529674740000,1,3,13
" @Karlaarcila Ya que todo es caos... y si les disparan a los encapuchados? Roban una motocicleta, usa elementos para generar terror, se cubren la cara como delincuentes, destruyen elementos que son de todos en Medell√≠n, afectan la libre movilidad de los ciudadanos, contaminan. Que m√°s? Sobran",Esteban64363905,"Medell√≠n, Colombia",2022-05-19 23:23:10,1527429686883770000,0,1,13
" Cu√°nto duele Medell√≠n! Mientras queman una üèç de la polic√≠a, los encapuchados no permiten q la gente salga de sus trabajos, afectan la movilidad de 2 de los principales hospitales de la ciudad, etc La pelea y lo q saldr√° para muchos es q hay unos viendo quien saca 1ro la lengua",claragiraldo,"Medellin, Colombia",2022-05-19 22:35:12,1527417615626420000,4,7,13
 ¬°Pilas! Ya pasaron los seis meses de experimento y a partir del lunes empezar√°n a multar a los conductores que superen los 50 km en la avenida 80. Aqu√≠ los detalles üëá,elcolombiano,Medell√≠n,2022-05-19 21:40:02,1527403733226770000,2,7,13
 üî¥üìπ#As√≠fue I En #Medell√≠n realizamos el I Ciclo de coloquios sobre la situaci√≥n de personas venezolanas LGBT+ en proceso de movilidad humana en Colombia. Te invitamos a volver a ver el primer conservatorio realizado en alianza con @IPCoficial. üëáüèø,Caribeafirmativ,"Barranquilla, Atl√°ntico",2022-05-19 20:31:49,1527386567152700000,4,6,13
" @seguridadmed Medell√≠n, el tr√°nsito,deber√≠an hacer estos operativos, pero varios a la vez,. En Aranjuez, Poblado, guayabal, buenos aires, Villahermosa, villatina. Y 12 octubre, Y se acabar√≠a la delincuencia en un 50% All√≠ est√°n m√°s del 80% de criminales, e infractores de movilidad",AlexisFreddie,"Hernani, Espa√±a",2022-05-19 20:28:44,1527385788656140000,0,0,13
" En Comit√© de Accesibilidad de Medell√≠n, CAME, se socializaron las iniciativas Metro de la 80, Ciclorutas, Manual de Espacio P√∫blico e iniciativa Movilidad Incluyente e Innovadora, con el fin de hacer recomendaciones oportunas sobre accesibilidad universal.#Medell√≠nFuturo #H√°gale",alterdixon,Medell√≠n,2022-05-19 20:17:43,1527383016212810000,4,23,13
" #Medell√≠n | En 2022, la Secretar√≠a de Movilidad ha sensibilizado a 2.172 personas en puntos pedag√≥gicos de esta avenida..",EnTertulia_,"Medell√≠n, Colombia",2022-05-19 18:25:52,1527354870314960000,0,0,13
" #Medell√≠n | En 2022, la Secretar√≠a de Movilidad ha sensibilizado a 2.172 personas en puntos pedag√≥gicos de esta avenida..",TotusTVDigital,"Medell√≠n, Colombia",2022-05-19 18:25:24,1527354752505640000,0,0,13
" Los taxis a√©reos son un avance muy importante para la sociedad . Desde @esumedellin estamos enfocados en convertir el r√≠o Medell√≠n en la primer autopista de drones en Latinoam√©rica dando soluciones al tema de seguridad üîí, prevenci√≥n de desastres üå™Ô∏è, domicilios üõçÔ∏è y movilidad üö∂üèª‚Äç‚ôÇÔ∏è",emunozar,Colombia,2022-05-19 17:20:06,1527338320170080000,3,8,13
" Conversando con l√≠deres camioneros v√≠a Medell√≠n-Quibd√≥ encontramos que, una vez m√°s, la corrupci√≥n est√° afectando sus derechos. Por eso, hacemos un llamado a las autoridades, para entablar un di√°logo que permita dar movilidad de suministros de v√≠veres a los habitantes de Quibd√≥.",IBetancourtCol,"Bogot√°, D.C., Colombia",2022-05-19 16:48:51,1527330455250300000,1,27,13
" En Medell√≠n tenemos ciudadanos ejemplares como Jos√© Duv√°n, un taxista con vocaci√≥n de servicio que brinda seguridad y comodidad üöïüöñ, garantizando una buena atenci√≥n a sus pasajeros. Una mejor movilidad es priorizar el transporte p√∫blico individual en los recorridos de ciudad.",AlcaldiadeMed,"Medell√≠n, Colombia",2022-05-19 16:01:59,1527318660813330000,1,10,13
" #AEstaHora Continuamos con paso a un carril en la v√≠a entre Medell√≠n y Santa Fe de Antioquia, sector El Arriero (PR 38+900). Seguimos en la zona trabajando. ¬°Gracias por tu paciencia! @Devimar_SAS #movilidad #DenunciasAntioquia #SomosDenunciasAntioquia",DenunciasAntio2,"Medell√≠n, Colombia",2022-05-19 15:17:47,1527307539167470000,0,2,13
" Con seis cambios viales, se mejorar√° la movilidad en el sector de San Diego, en Medell√≠n. La se√±alizaci√≥n de 38 pasos peatonales y una nueva intersecci√≥n semaf√≥rica hacen parte de esta intervenci√≥n de movilidad.",vivirpoblado,Medell√≠n - Colombia,2022-05-19 14:30:16,1527295578509410000,0,0,13
 @RevistaSemana Colombia en movilidad esta atrazada. üëàMedellin..es la unica ciudad que saca la cara aunque con la inabilidad del alcalde..hay un significativo atrazo,JorgePe76258581,"Medell√≠n, Colombia",2022-05-19 14:07:15,1527289787765230000,0,1,13
 Que desgracia la movilidad en Medell√≠n üòî,1712nannys,,2022-05-19 13:26:03,1527279419089470000,0,0,13
 Odio la movilidad de Medell√≠n. Me reporto desde un tranc√≥n el hp.,lfp12_0,"Medell√≠n, Colombia",2022-05-19 12:56:16,1527271923037660000,0,3,13
" @DonIzquierdo_ @carlosecaicedo @DonIzquierdo_ y en Medell√≠n a @QuinteroCalle tambi√©n le qued√≥ grande la malla vial (huecos por todos lados, movilidad reducida), violencia disparada. Ya nos parecemos a Bogot√° üòê",AndresG57437820,,2022-05-19 12:31:03,1527265578234400000,0,0,13
 Movilidad Medell√≠n caso de corrupcion #descuidamosa,luchononroy67,,2022-05-19 12:16:47,1527261985217380000,0,0,13
 @C1Palomino se perdieron de la chiva de Medell√≠n movilidad,luchononroy67,,2022-05-19 12:09:46,1527260220816250000,0,0,13
" @numeral767 Buenas noches, el d√≠a de ma√±ana hay alguna actividad deportiva en la v√≠a Caucasia a Medell√≠n que llegue afectar la movilidad sobre ese corredor?",johnpereira77,,2022-05-19 01:34:50,1527100434405800000,0,0,13
" Secretaria de movilidad de Medell√≠n, hasta cuando debemos esperar una soluci√≥n para la intersecci√≥n en la carrera 84 con calle 37 b, Solo accidentes y no hacen nada para evitarlos.",AndrsRestrepo1,Colombia,2022-05-19 01:29:05,1527098987613920000,0,0,13
" Consulta las notificaciones por aviso por #MovilidadEnL√≠nea en 4 ‚É£ pasos: üíª Ingresa a üëâ üñ± Haz clic en ""consulta notificaciones por aviso"". üîç Visualiza la lista de comparendos por fotodetecci√≥n. ‚úÖTambi√©n puedes buscar con tu n√∫mero de documento.",sttmed,"Medell√≠n, Colombia",2022-05-18 17:49:09,1526983240543710000,0,3,13
 Como con el Inder Medell√≠n cuando fuiste alcalde y le bajaste significativamente el presupuesto? PERO te gastaste m√°s de 130 mil millones en tu imagen a costa de la movilidad sostenible y otros programas sociales... Sos un falso y una fachada de lo cochino de este pais,PsicoRide,MDE - COL,2022-05-18 17:21:09,1526976195396520000,0,2,13
" @sergaroz Hola @sergaroz buenos d√≠as, la v√≠a Santa F√© de Antioquia - Medell√≠n contin√∫a con cierre total. Las autoridades del sector trabajan en restablecer la movilidad. El tiempo de apertura se encuentra en verificaci√≥n. Cualquier novedad ser√° comunicada en nuestras redes sociales.",numeral767,Colombia,2022-05-18 17:03:38,1526971786700670000,0,1,13
 #Notired360 ‚ö†Ô∏èüö¶üõ£Ô∏è Cambios viales para mejorar la movilidad en #Medell√≠n. @sttmed,notired360,"Medell√≠n, Antioquia",2022-05-18 16:20:34,1526960948052990000,3,4,13
" @Danie_Rodrigez Hola @Danie_Rodrigez buenos d√≠as, la v√≠a La Pintada - Medell√≠n contin√∫a con cierre total. Las autoridades del sector trabajan en restablecer la movilidad. El tiempo de apertura se encuentra en verificaci√≥n. Cualquier novedad ser√° comunicada en nuestras redes sociales.",numeral767,Colombia,2022-05-18 15:09:13,1526942992313070000,0,0,13
 Ley General de Movilidad y Seguridad Vial‚Ä¶ no mmes!!! Directo a toda corrupci√≥n.,valle_medellin,CDMX,2022-05-18 14:45:20,1526936982840130000,0,0,13
" @JorgeGa19062863 Hola @JorgeGa19062863 buenos d√≠as, la v√≠a Santa F√© de Antioquia - Medell√≠n contin√∫a con cierre total. Las autoridades del sector trabajan en restablecer la movilidad. El tiempo de apertura se encuentra en verificaci√≥n. Cualquier novedad ser√° comunicada en nuestras redes sociales.",numeral767,Colombia,2022-05-18 13:58:45,1526925258636160000,0,1,13
" Desde tempranas horas se ha presentado dificultad en la movilidad de la autopista norte hacia nuestras terminales de destino en Medell√≠n, lo que ha generado que los veh√≠culos tarden mucho m√°s de lo normal para retornar e iniciar un nuevo servicio. Ofrecemos disculpas.",BellanitaGroup,Bello - Antioquia,2022-05-18 13:11:53,1526913463599130000,1,8,13
" Con seis cambios viales, se mejorar√° la movilidad en el sector de San Diego, en Medell√≠n. La se√±alizaci√≥n de 38 pasos peatonales y una nueva intersecci√≥n semaf√≥rica hacen parte de esta intervenci√≥n de movilidad.",vivirpoblado,Medell√≠n - Colombia,2022-05-18 13:01:33,1526910864762320000,0,0,13
" Te invitamos al inicio de nuestra giras presenciales de movilidad sostenible y sostenibilidad 2022, de la mano de @latamobility y @latamgreen Latam Mobility Colombia | Boletos üéü: Net Zero Leadership Forum | Registro sin costo:",IILatam,Panam√°,2022-05-18 11:38:11,1526889883788360000,1,4,13
 Este es el Puente colgante entre Medell√≠n y Galilea resguardo de Honduras Morales. As√≠ sobreviven comunidades de esta zona dl municipio. La Comunidad trabaja en Minga por la ampliaci√≥n del camino ancestral para mejorar la movilidad Inf Hoy Noticias mles 18 de mayo You tube,HoyNoticias2,Cali-Valle del Cauca,2022-05-18 02:42:00,1526754949991890000,7,3,13
 Este es el Puente colgante entre Medell√≠n y Galilea resguardo de Honduras Morales. As√≠ sobreviven comunidades de esta zona dl municipio. La Comunidad trabaja en Minga por la ampliaci√≥n del camino ancestral para mejorar la movilidad Inf Hoy Noticias mles 18 de mayo You tube,mapias15,Cali- Colombia,2022-05-18 02:37:50,1526753903211160000,31,34,13
 #Martes de Ahorro Energeticoüí°üåø Vietnam impulsa ahorro energ√©tico en industria - üëâhttps://t.co/vvDjxcbDxk Vive una experiencia RECICLANDO! #Reciclar #AhorroEnergia #Colombia #Bogota #Medellin,AEE_Colombia,Bogot√°-Colombia,2022-05-18 00:00:29,1526714303453320000,0,1,14
" ¬øDonde queda Ruta Naranja? #RutaNaranja est√° ubicada en el barrio perpetuo socorrol, que en 2019 fue declarada como el #Distrito #Creativo y #Cultural de #Medell√≠n. @Ruta_N @ivancastanop #ValleDelSoftware #comunas #rural #corregimientos #webstories @alcaldiademed",ComunasMed,Medellin,2022-05-21 18:50:00,1528085718261720000,0,0,16
 El nuevo programa de Tecnolog√≠a en Gesti√≥n Log√≠stica del Pascual Bravo aportar√° al desarrollo de esta industria en Medell√≠n #medellin #comunas #rural #corregimientos #webstories @alcaldiademed @IUPascualBravo,ComunasMed,Medellin,2022-05-21 18:50:00,1528085717594870000,0,0,16
 Se hace un llamado a la prudencia en las v√≠as para proteger la fauna silvestre. #medellin #comunas #rural #corregimientos #webstories @alcaldiademed,ComunasMed,Medellin,2022-05-21 17:12:00,1528061055192260000,0,0,16
 Ya est√°n publicadas las condiciones del contrato de interventor√≠a para la construcci√≥n del Metro de la 80 @checholopezm @metrodela80 #medellin #comunas #rural #corregimientos #webstories @alcaldiademed,ComunasMed,Medellin,2022-05-21 13:57:00,1528011981734560000,0,0,16
" Este lunes, 23 de mayo, empiezan las sanciones por exceso de velocidad en la Avenida 80 #medellin #comunas #medellinrural #corregimientos #webstories @alcaldiademed @sttmed #medellin #comunas #rural #corregimientos #webstories @alcaldiademed",ComunasMed,Medellin,2022-05-21 13:54:00,1528011228366370000,0,0,16
 Rendici√≥n de cuentas Emvarias 2021 #medellin #comunas #rural #corregimientos #webstories @alcaldiademed @checholopezm @CarlosFBorja,ComunasMed,Medellin,2022-05-21 12:30:00,1527990089128760000,0,0,16
 M√°s de 28.000 habitantes de Pedregal ya disfrutan de un nuevo parque recreativo #medellin #comunas #rural #corregimientos #webstories @alcaldiademed @NataliaUrregoA @camivillamizar,ComunasMed,Medellin,2022-05-21 11:43:00,1527978259731860000,0,0,16
 Rendici√≥n de cuentas Emvarias 2021 #medellin #comunas #rural #corregimientos #webstories @alcaldiademed @checholopezm @CarlosFBorja,ComunasMed,Medellin,2022-05-21 11:38:00,1527977002266920000,0,0,16
" Llega el XVI #FestivalInternacional de #Tango, evento que tendr√° como pa√≠s invitado a #Uruguay, cuna del tango #medellin #comunas #rural #corregimientos #webstories @alcaldiademed @AlvaroArtD",ComunasMed,Medellin,2022-05-21 05:00:01,1527876844791380000,2,0,16
 ü§∞ Inscr√≠bete en la 2¬™ Convocatoria de Fomento y Est√≠mulos PREA 2022 @JuventudMed @Santiago_Bdy #jovenesmedellin #joven #lideres #juventud #medellin #comunas #rural #corregimientos #webstories @alcaldiademed,ComunasMed,Medellin,2022-05-21 00:53:00,1527814683226420000,2,0,16
 Reino Unido apoyar√° al Valle de Aburr√° en proyectos de movilidad sostenible y mitigaci√≥n del cambio clim√°tico #medellin #comunas #rural #corregimientos #webstories @Areametropol,ComunasMed,Medellin,2022-05-21 00:03:49,1527802306116340000,4,2,16
 Reino Unido apoyar√° al Valle de Aburr√° en proyectos de movilidad sostenible y mitigaci√≥n del cambio clim√°tico #medellin #comunas #rural #corregimientos #webstories @Areametropol,ComunasMed,Medellin,2022-05-21 00:03:44,1527802284096340000,4,1,16
 Reino Unido apoyar√° al Valle de Aburr√° en proyectos de movilidad sostenible y mitigaci√≥n del cambio clim√°tico #medellin #comunas #rural #corregimientos #webstories @Areametropol,ComunasMed,Medellin,2022-05-21 00:03:38,1527802261438600000,4,1,16
 El Metro de la 80 llegar√° con su feria de emprendimiento al cerro El Volador #medellin #comunas #rural #corregimientos #webstories @alcaldiademed @checholopezm @metrodela80,ComunasMed,Medellin,2022-05-21 00:01:49,1527801803122820000,4,1,16
 El Metro de la 80 llegar√° con su feria de emprendimiento al cerro El Volador #medellin #comunas #rural #corregimientos #webstories @alcaldiademed @checholopezm @metrodela80,ComunasMed,Medellin,2022-05-21 00:00:11,1527801392546650000,4,1,16
" Este lunes, 23 de mayo, empiezan las sanciones por exceso de velocidad en la Avenida 80 #medellin #comunas #rural #corregimientos #webstories @alcaldiademed",ComunasMed,Medellin,2022-05-20 23:51:27,1527799193024230000,3,0,16
 El Banco de los Pobres simplific√≥ sus tr√°mites y condiciones para que la ciudadan√≠a tenga mejor acceso a cr√©ditos #medellin #comunas #rural #corregimientos #webstories @alcaldiademed @Orlandojza,ComunasMed,Medellin,2022-05-20 23:49:21,1527798666030990000,4,1,16
 El Banco de los Pobres simplific√≥ sus tr√°mites y condiciones para que la ciudadan√≠a tenga mejor acceso a cr√©ditos #medellin #comunas #rural #corregimientos #webstories @alcaldiademed @Orlandojza,ComunasMed,Medellin,2022-05-20 23:49:15,1527798639648810000,3,0,16
 El Banco de los Pobres simplific√≥ sus tr√°mites y condiciones para que la ciudadan√≠a tenga mejor acceso a cr√©ditos #medellin #comunas #rural #corregimientos #webstories @alcaldiademed @Orlandojza,ComunasMed,Medellin,2022-05-20 23:49:07,1527798607310730000,4,2,16
 El nuevo programa de Tecnolog√≠a en Gesti√≥n Log√≠stica del Pascual Bravo aportar√° al desarrollo de esta industria en Medell√≠n #medellin #comunas #rural #corregimientos #webstories @alcaldiademed @IUPascualBravo,ComunasMed,Medellin,2022-05-20 23:45:00,1527797568775800000,4,1,16
 El nuevo programa de Tecnolog√≠a en Gesti√≥n Log√≠stica del Pascual Bravo aportar√° al desarrollo de esta industria en Medell√≠n #medellin #comunas #rural #corregimientos #webstories @alcaldiademed @IUPascualBravo,ComunasMed,Medellin,2022-05-20 23:44:34,1527797462764770000,2,0,16
 El nuevo programa de Tecnolog√≠a en Gesti√≥n Log√≠stica del Pascual Bravo aportar√° al desarrollo de esta industria en Medell√≠n #medellin #comunas #rural #corregimientos #webstories @alcaldiademed @IUPascualBravo,ComunasMed,Medellin,2022-05-20 23:44:27,1527797432125380000,3,2,16
 El nuevo programa de Tecnolog√≠a en Gesti√≥n Log√≠stica del Pascual Bravo aportar√° al desarrollo de esta industria en Medell√≠n #medellin #comunas #rural #corregimientos #webstories @alcaldiademed @IUPascualBravo,ComunasMed,Medellin,2022-05-20 23:44:15,1527797380258660000,3,1,16
 El nuevo programa de Tecnolog√≠a en Gesti√≥n Log√≠stica del Pascual Bravo aportar√° al desarrollo de esta industria en Medell√≠n #medellin #comunas #rural #corregimientos #webstories @alcaldiademed @IUPascualBravo,ComunasMed,Medellin,2022-05-20 23:44:10,1527797358469290000,3,2,16
" Llega el XVI #FestivalInternacional de #Tango, evento que tendr√° como pa√≠s invitado a #Uruguay, cuna del tango #medellin #comunas #rural #corregimientos #webstories @alcaldiademed @AlvaroArtD",ComunasMed,Medellin,2022-05-20 23:41:53,1527796785086870000,3,1,16
" Llega el XVI #FestivalInternacional de #Tango, evento que tendr√° como pa√≠s invitado a #Uruguay, cuna del tango #medellin #comunas #rural #corregimientos #webstories @alcaldiademed @AlvaroArtD",ComunasMed,Medellin,2022-05-20 23:41:47,1527796760629980000,3,2,16
" Llega el XVI #FestivalInternacional de #Tango, evento que tendr√° como pa√≠s invitado a #Uruguay, cuna del tango #medellin #comunas #rural #corregimientos #webstories @alcaldiademed @AlvaroArtD",ComunasMed,Medellin,2022-05-20 23:41:40,1527796732175820000,3,0,16
" Llega el XVI #FestivalInternacional de #Tango, evento que tendr√° como pa√≠s invitado a #Uruguay, cuna del tango #medellin #comunas #rural #corregimientos #webstories @alcaldiademed @AlvaroArtD",ComunasMed,Medellin,2022-05-20 23:41:34,1527796704086570000,2,1,16
" Llega el XVI #FestivalInternacional de #Tango, evento que tendr√° como pa√≠s invitado a #Uruguay, cuna del tango #medellin #comunas #rural #corregimientos #webstories @alcaldiademed @AlvaroArtDb",ComunasMed,Medellin,2022-05-20 23:41:24,1527796665624710000,3,2,16
 M√°s de 28.000 habitantes de Pedregal ya disfrutan de un nuevo parque recreativo #medellin #comunas #rural #corregimientos #webstories @alcaldiademed @NataliaUrregoA @camivillamizar,ComunasMed,Medellin,2022-05-20 23:38:04,1527795825702840000,3,1,16
 M√°s de 28.000 habitantes de Pedregal ya disfrutan de un nuevo parque recreativo #medellin #comunas #rural #corregimientos #webstories @alcaldiademed @NataliaUrregoA @camivillamizar,ComunasMed,Medellin,2022-05-20 23:37:49,1527795760678550000,2,2,16
 M√°s de 28.000 habitantes de Pedregal ya disfrutan de un nuevo parque recreativo #medellin #comunas #rural #corregimientos #webstories @alcaldiademed @NataliaUrregoA @camivillamizar,ComunasMed,Medellin,2022-05-20 23:37:27,1527795669662150000,2,2,16
 M√°s de 28.000 habitantes de Pedregal ya disfrutan de un nuevo parque recreativo #medellin #comunas #rural #corregimientos #webstories @alcaldiademed @NataliaUrregoA @camivillamizar,ComunasMed,Medellin,2022-05-20 23:37:21,1527795643749630000,1,1,16
 M√°s de 28.000 habitantes de Pedregal ya disfrutan de un nuevo parque recreativo #medellin #comunas #rural #corregimientos #webstories @alcaldiademed @NataliaUrregoA @camivillamizar,ComunasMed,Medellin,2022-05-20 23:37:14,1527795617178820000,2,2,16
 M√°s de 28.000 habitantes de Pedregal ya disfrutan de un nuevo parque recreativo #medellin #comunas #rural #corregimientos #webstories @alcaldiademed @NataliaUrregoA @camivillamizar,ComunasMed,Medellin,2022-05-20 23:36:47,1527795501944520000,2,2,16
 Rendici√≥n de cuentas Emvarias 2021 #medellin #comunas #rural #corregimientos #webstories @alcaldiademed @checholopezm @CarlosFBorja,ComunasMed,Medellin,2022-05-20 23:34:08,1527794834391680000,3,4,16
 Rendici√≥n de cuentas Emvarias 2021 #medellin #comunas #rural #corregimientos #webstories @alcaldiademed @checholopezm @CarlosFBorja,ComunasMed,Medellin,2022-05-20 23:33:27,1527794662064410000,2,1,16
 Rendici√≥n de cuentas Emvarias 2021 #medellin #comunas #rural #corregimientos #webstories @alcaldiademed @checholopezm @CarlosFBorja,ComunasMed,Medellin,2022-05-20 23:32:49,1527794504580970000,2,2,16
 Rendici√≥n de cuentas Emvarias 2021 #medellin #comunas #rural #corregimientos #webstories @alcaldiademed @checholopezm @CarlosFBorja,ComunasMed,Medellin,2022-05-20 23:32:23,1527794394862080000,1,0,16
" Autoridades ind√≠genas de Medell√≠n de las comunidades Inga,Embera,Estudiantil y Chibcariwak visitaron este jueves 19 de mayo la sede del OBSERVATORIO DE PAZPOLI ya que los territorios ind√≠genas sufren en gran medida las acciones de la guerra rural y tambi√©n urbana.Haremos COLOQUIO",PardoLuisGmo,Colombia,2022-05-20 21:10:20,1527758646138000000,3,4,16
 Se hace un llamado a la prudencia en las v√≠as para proteger la fauna silvestre. #medellin #comunas #rural #corregimientos #webstories @alcaldiademed,ComunasMed,Medellin,2022-05-20 17:09:00,1527697913551370000,0,0,16
 Para viajar con animales de compa√±√≠a se recomienda tomar medidas que garanticen su protecci√≥n y bienestar #medellin #comunas #rural #corregimientos #webstories @alcaldiademed,ComunasMed,Medellin,2022-05-20 17:07:00,1527697409186210000,0,0,16
 Ya est√°n publicadas las condiciones del contrato de interventor√≠a para la construcci√≥n del Metro de la 80 @checholopezm @metrodela80 #medellin #comunas #rural #corregimientos #webstories @alcaldiademed,ComunasMed,Medellin,2022-05-20 13:52:41,1527648509117220000,2,2,16
" Este lunes, 23 de mayo, empiezan las sanciones por exceso de velocidad en la Avenida 80 #medellin #comunas #medellinrural #corregimientos #webstories @alcaldiademed @sttmed #medellin #comunas #rural #corregimientos #webstories @alcaldiademed",ComunasMed,Medellin,2022-05-20 13:49:12,1527647632939750000,1,1,16
" Este lunes, 23 de mayo, empiezan las sanciones por exceso de velocidad en la Avenida 80 #medellin #comunas #medellinrural #corregimientos #webstories @alcaldiademed @sttmed #medellin #comunas #rural #corregimientos #webstories @alcaldiademed",ComunasMed,Medellin,2022-05-20 13:49:03,1527647593047670000,2,2,16
" Este lunes, 23 de mayo, empiezan las sanciones por exceso de velocidad en la Avenida 80 #medellin #comunas #medellinrural #corregimientos #webstories @alcaldiademed @sttmed #medellin #comunas #rural #corregimientos #webstories @alcaldiademed",ComunasMed,Medellin,2022-05-20 13:48:51,1527647543886240000,2,2,16
" Las ferias de servicios se realizar√°n entre las 9:00 a. m. y la 1:00 p. m., as√≠:San Antonio de Prado: viernes 20 de mayo @maryo_london #medellin #comunas #rural #corregimientos #webstories @alcaldiademed",ComunasMed,Medellin,2022-05-20 10:00:02,1527589961527990000,0,0,16
" En Medell√≠n hay templos de diferentes estilos, que van desde el neog√≥tico hasta el contempor√°neo, que identifican y son referentes arquitect√≥nicos de los barrios. #patrimonio #arquitect√≥nico y #cultural #medellin #comunas #rural #corregimientos #webstories @alcaldiademed",ComunasMed,Medellin,2022-05-20 03:18:00,1527488784417300000,0,0,16
 Medell√≠n cuenta con 232 edificaciones religiosas que enriquecen su #patrimonio #arquitect√≥nico y #cultural #medellin #comunas #rural #corregimientos #webstories @alcaldiademed,ComunasMed,Medellin,2022-05-20 02:55:00,1527482996948980000,0,0,16
 Medell√≠n cuenta con 232 edificaciones religiosas que enriquecen su #patrimonio #arquitect√≥nico y #cultural #medellin #comunas #rural #corregimientos #webstories @alcaldiademed,ComunasMed,Medellin,2022-05-20 02:54:00,1527482745508730000,0,0,16
 #medellin #comunas #rural #corregimientos #webstories @alcaldiademed Internos de la c√°rcel El Pedregal recibieron formaci√≥n para reparar el tejido social y resignificar sus conductas @SecNoViolencia,ComunasMed,Medellin,2022-05-19 20:13:00,1527381830613310000,0,0,16
 #medellin #comunas #rural #corregimientos #webstories @alcaldiademed M√°s de 1.300 personas celebraron el D√≠a de la Familia este fin de semana con oferta institucional de la Alcald√≠a de Medell√≠n @santy_preciado @AZULVIRVIESCAS,ComunasMed,Medellin,2022-05-19 19:43:00,1527374280006280000,0,1,16
 #medellin #comunas #rural #corregimientos #webstories @alcaldiademed M√°s de 1.300 personas celebraron el D√≠a de la Familia este fin de semana con oferta institucional de la Alcald√≠a de Medell√≠n @santy_preciado @AZULVIRVIESCAS,ComunasMed,Medellin,2022-05-19 19:25:00,1527369750141100000,0,0,16
" #medellin #comunas #rural #corregimientos #webstories @alcaldiademed Con cambio de sede, Buen Comienzo mejora las condiciones de atenci√≥n para 180 ni√±os y ni√±as de la comuna 8-Villa Hermosa @Buen_Comienzo",ComunasMed,Medellin,2022-05-19 19:23:00,1527369248506400000,0,0,16
 #medellin #comunas #rural #corregimientos #webstories @alcaldiademed Las instituciones de educaci√≥n superior de la Alcald√≠a de Medell√≠n tienen m√°s de 5.000 cupos disponibles para 96 programas @IUPascualBravo @ITMinstitucion @IUColmayor,ComunasMed,Medellin,2022-05-19 19:19:00,1527368239969350000,0,0,16
 La Alcald√≠a de Medell√≠n lanza el concurso ‚ÄúDame Razones para bailar‚Äù como parte de las estrategias para fortalecer la salud mental @AndreeUribeM #medellin #comunas #rural #corregimientos #webstories @alcaldiademed,ComunasMed,Medellin,2022-05-19 17:59:00,1527348109201720000,0,0,16
" @Eganbernal @FicoGutierrez Mi muy admirado por su carrera en el ciclismo. Le invito a q le de nuevamente una miradita a su tierrita, claro est√°, desde la realidad tierra que no a cambiado porque usted tenga triunfos deportivos. Federico no sabe nada de rural. Soy de Medellin y laboralmente se q 0 rural",betancur_edilia,"Medell√≠n, Colombia",2022-05-19 17:03:00,1527334015333590000,0,0,16
 Ya est√° abierta la convocatoria de artistas para la Semana de la Juventud 2022 @JuventudMed @Santiago_Bdy #medellin #comunas #rural #corregimientos #webstories @alcaldiademed,ComunasMed,Medellin,2022-05-19 13:00:02,1527272873206750000,0,0,16
 La Alcald√≠a de Medell√≠n acompa√±√≥ la entrega de indemnizaciones a m√°s de 1.300 v√≠ctimas del conflicto armado @SecNoViolencia #medellin #comunas #rural #corregimientos #webstories @alcaldiademed,ComunasMed,Medellin,2022-05-19 13:00:02,1527272872300770000,0,0,16
 üë∑üèº‚Äç‚ôÄÔ∏è √önete a Trabajo Joven S√≠ Hay @JuventudMed @Santiago_Bdy #jovenesmedellin #joven #lideres #juventud #medellin #comunas #rural #corregimientos #webstories @alcaldiademed,ComunasMed,Medellin,2022-05-19 13:00:00,1527272862637300000,0,0,16
" #medellin #comunas #rural #corregimientos #webstories @alcaldiademed Desde este lunes 16 de mayo, m√°s de 498.000 estudiantes de Medell√≠n volver√°n a ver sus sonrisas en los salones de clase @EducacionMed @soyalejangu",ComunasMed,Medellin,2022-05-19 12:30:01,1527265318308940000,0,1,16
" #medellin #comunas #rural #corregimientos #webstories @alcaldiademed M√°s de 1.600 personas se beneficiar√°n con la construcci√≥n de la cubierta del escenario Cuatro Vientos, en Los Colores @INDERMEDELLIN @sanchezc_v",ComunasMed,Medellin,2022-05-19 10:30:00,1527235112793950000,0,1,16
" #medellin #comunas #rural #corregimientos #webstories @alcaldiademed Los convocados son de Santa Cruz, Doce de Octubre, El Poblado, Bel√©n y el corregimiento Altavista, y se pueden inscribir entre el 16 y el 20 de mayo. @berriojuangui",ComunasMed,Medellin,2022-05-18 20:21:00,1527021455116010000,0,0,16
 #medellin #comunas #rural #corregimientos #webstories @alcaldiademed El Cuerpo Oficial de Bomberos de Medell√≠n recibi√≥ 959 nuevos elementos de protecci√≥n personal @DAGRDMedellin @lauraduos @carlosmube1973 @WalterPerezBeta,ComunasMed,Medellin,2022-05-18 20:00:02,1527016178174110000,1,0,16
 #medellin #comunas #rural #corregimientos #webstories @alcaldiademed El Cuerpo Oficial de Bomberos de Medell√≠n recibi√≥ 959 nuevos elementos de protecci√≥n personal @DAGRDMedellin @lauraduos @carlosmube1973 @WalterPerezBeta,ComunasMed,Medellin,2022-05-18 19:59:00,1527015918659810000,0,0,16
 #medellin #comunas #rural #corregimientos #webstories @alcaldiademed Internos de la c√°rcel El Pedregal recibieron formaci√≥n para reparar el tejido social y resignificar sus conductas @SecNoViolencia,ComunasMed,Medellin,2022-05-18 19:57:00,1527015415528020000,0,0,16
" #medellin #comunas #rural #corregimientos #webstories @alcaldiademed M√°s de 1.600 personas se beneficiar√°n con la construcci√≥n de la cubierta del escenario Cuatro Vientos, en Los Colores @INDERMEDELLIN @sanchezc_v",ComunasMed,Medellin,2022-05-18 19:49:00,1527013402056470000,0,0,16
 #medellin #comunas #rural #corregimientos #webstories @alcaldiademed M√°s de 1.300 personas celebraron el D√≠a de la Familia este fin de semana con oferta institucional de la Alcald√≠a de Medell√≠n @santy_preciado @AZULVIRVIESCAS,ComunasMed,Medellin,2022-05-18 19:26:00,1527007614738910000,0,0,16
" ¬øDonde queda Ruta Naranja? #RutaNaranja est√° ubicada en el barrio perpetuo socorrol, que en 2019 fue declarada como el #Distrito #Creativo y #Cultural de #Medell√≠n. @Ruta_N #ValleDelSoftware #comunas #rural #corregimientos #webstories @alcaldiademed",ComunasMed,Medellin,2022-05-18 18:50:00,1526998554685870000,2,3,16
 Desde el 19 de mayo estar√° abierta la novena convocatoria de est√≠mulos para residencias internacionales en Ecuador en danza y teatro @AlvaroArtD #medellin #comunas #rural #corregimientos #webstories @alcaldiademed,ComunasMed,Medellin,2022-05-18 18:23:00,1526991759334520000,0,0,16
" Con nuevo inventario criminal, se refuerza la Estrategia contra el Crimen Organizado en Medell√≠n @seguridadmed @acevedossa @cgutierrez27 @spizano #medellin #comunas #rural #corregimientos #webstories @alcaldiademed",ComunasMed,Medellin,2022-05-18 17:50:00,1526983454906320000,1,2,16
" #UninorteInvestiga | üßµ Es samario de nacimiento, aunque su acento paisa delata que se form√≥ en Medell√≠n. Estudi√≥ Medicina en @UniversidadCES y el a√±o rural lo hizo a orillas del r√≠o Atrato, en un proyecto de @ONU_es para el desarrollo de la primera vacuna contra la malaria. üëá",UninorteCO,Colombia,2022-05-18 13:35:08,1526919315127150000,0,9,16
 La Alcald√≠a de Medell√≠n lanza el concurso ‚ÄúDame Razones para bailar‚Äù como parte de las estrategias para fortalecer la salud mental @AndreeUribeM #medellin #comunas #rural #corregimientos #webstories @alcaldiademed,ComunasMed,Medellin,2022-05-18 13:30:00,1526918025403720000,0,0,16
 Ya est√° abierta la convocatoria de artistas para la Semana de la Juventud 2022 @JuventudMed @Santiago_Bdy #medellin #comunas #rural #corregimientos #webstories @alcaldiademed,ComunasMed,Medellin,2022-05-18 13:00:04,1526910490772810000,0,0,16
" #medellin #comunas #rural #corregimientos #webstories @alcaldiademed Desde este lunes 16 de mayo, m√°s de 498.000 estudiantes de Medell√≠n volver√°n a ver sus sonrisas en los salones de clase @EducacionMed @soyalejangu",ComunasMed,Medellin,2022-05-18 12:30:00,1526902926437930000,0,0,16
